2018.08.26.15.19.52, PEER_DISCOVERED, 9000000004, 192.168.43.197
2018.08.26.15.19.55, SUMMARY_VECTOR_RECEIVED, 50528
2018.08.26.15.19.58, PEER_DISCOVERED, 9000000001, 192.168.43.147
2018.08.26.15.20.00, CHECKING OLD LOG FILES IF ANY
2018.08.26.15.20.00, CHECKING OLD LOG FILES IF ANY
2018.08.26.15.20.00, DEBUG Controller MISSING FILE START DOWNLOAD pskc_schema.xsd -1.0
2018.08.26.15.20.00, DEBUG Controller MISSING FILE START DOWNLOAD pub_9000000001.bgp -1.0
2018.08.26.15.20.00, DEBUG Controller MISSING FILE START DOWNLOAD pub_9000000004.bgp -1.0
2018.08.26.15.20.00, DEBUG Controller MISSING FILE START DOWNLOAD pub_volunteer.bgp -1.0
2018.08.26.15.20.00, DEBUG Controller MISSING FILE START DOWNLOAD pri_volunteer.bgp -1.0
2018.08.26.15.20.00, SUMMARY_VECTOR_RECEIVED, 50534
2018.08.26.15.20.00, START_FILE_DOWNLOAD, 137fc3f09728b73f1e32574f11578, pri_volunteer.bgp, 0, 682.0, 9000000004
2018.08.26.15.20.00, STOP_FILE_DOWNLOAD, 137fc3f09728b73f1e32574f11578, pri_volunteer.bgp, 682, 682.0, 9000000004
2018.08.26.15.20.00, START_FILE_DOWNLOAD, 78f892972a806bacf273aa1d166145, pub_9000000004.bgp, 0, 313.0, 9000000004
2018.08.26.15.20.00, START_FILE_DOWNLOAD, 1ec55f870ed6c907326a783e63ec65d, pskc_schema.xsd, 0, 27243.0, 9000000004
2018.08.26.15.20.00, STOP_FILE_DOWNLOAD, 78f892972a806bacf273aa1d166145, pub_9000000004.bgp, 313, 313.0, 9000000004
2018.08.26.15.20.00, STOP_FILE_DOWNLOAD, 1ec55f870ed6c907326a783e63ec65d, pskc_schema.xsd, 27243, 27243.0, 9000000004
2018.08.26.15.20.00, START_FILE_DOWNLOAD, 404d33b23819a17878f3ea1e3b26dd95, pub_9000000001.bgp, 0, 313.0, 9000000004
2018.08.26.15.20.00, START_FILE_DOWNLOAD, a0d12ea50d2b8c3738c919e58324, pub_volunteer.bgp, 0, 312.0, 9000000004
2018.08.26.15.20.00, STOP_FILE_DOWNLOAD, 404d33b23819a17878f3ea1e3b26dd95, pub_9000000001.bgp, 313, 313.0, 9000000004
2018.08.26.15.20.00, STOP_FILE_DOWNLOAD, a0d12ea50d2b8c3738c919e58324, pub_volunteer.bgp, 312, 312.0, 9000000004
2018.08.26.15.20.05, CHECKING OLD LOG FILES IF ANY
2018.08.26.15.20.05, CHECKING OLD LOG FILES IF ANY
2018.08.26.15.20.05, DEBUG Controller MISSING FILE START DOWNLOAD pri_manager.bgp -1.0
2018.08.26.15.20.05, DEBUG Controller MISSING FILE START DOWNLOAD pub_manager.bgp -1.0
2018.08.26.15.20.05, DEBUG Controller MISSING FILE START DOWNLOAD pub_user.bgp -1.0
2018.08.26.15.20.05, DEBUG Controller MISSING FILE START DOWNLOAD pri_user.bgp -1.0
2018.08.26.15.20.05, DEBUG Controller MISSING FILE START DOWNLOAD a775be8d58391a0926ae4caa2f2e15e1_v9000000004_volunteer_50.bgp -1.0
2018.08.26.15.20.05, START_FILE_DOWNLOAD, 5e9b91a4ebf791555e3189ae2e13aaf8, pri_manager.bgp, 0, 680.0, 9000000001
2018.08.26.15.20.05, START_FILE_DOWNLOAD, 96966f90c022b52d8d87c187cba6d52e, pri_user.bgp, 0, 683.0, 9000000001
2018.08.26.15.20.05, STOP_FILE_DOWNLOAD, 5e9b91a4ebf791555e3189ae2e13aaf8, pri_manager.bgp, 680, 680.0, 9000000001
2018.08.26.15.20.05, START_FILE_DOWNLOAD, 035489be7e075265b1032bd58754f, pub_user.bgp, 0, 313.0, 9000000001
2018.08.26.15.20.05, SUMMARY_VECTOR_RECEIVED, 50528
2018.08.26.15.20.05, START_FILE_DOWNLOAD, a4885181422fcd1bbb34adef96b2b077, a775be8d58391a0926ae4caa2f2e15e1_v9000000004_volunteer_50_1.diff, 0, 164.0, 192.168.43.147
2018.08.26.15.20.05, STOP_FILE_DOWNLOAD, a4885181422fcd1bbb34adef96b2b077, a775be8d58391a0926ae4caa2f2e15e1_v9000000004_volunteer_50_1.diff, 164, 164.0, 192.168.43.147
2018.08.26.15.20.05, STOP_FILE_DOWNLOAD, 035489be7e075265b1032bd58754f, pub_user.bgp, 313, 313.0, 9000000001
2018.08.26.15.20.05, STOP_FILE_DOWNLOAD, 96966f90c022b52d8d87c187cba6d52e, pri_user.bgp, 683, 683.0, 9000000001
2018.08.26.15.20.05, START_FILE_DOWNLOAD, 33aa77a781c0f48e0679fcf5a41f, a775be8d58391a0926ae4caa2f2e15e1_v9000000004_volunteer_50_8.diff, 0, 969.0, 192.168.43.147
2018.08.26.15.20.05, STOP_FILE_DOWNLOAD, 33aa77a781c0f48e0679fcf5a41f, a775be8d58391a0926ae4caa2f2e15e1_v9000000004_volunteer_50_8.diff, 969, 969.0, 192.168.43.147
2018.08.26.15.20.05, START_FILE_DOWNLOAD, 9c847c47dae060124cdd7dc09a25ec6, a775be8d58391a0926ae4caa2f2e15e1_v9000000004_volunteer_50_4.diff, 0, 370.0, 192.168.43.147
2018.08.26.15.20.05, START_FILE_DOWNLOAD, fe7554ae8167c54dc22ee721019c319, a775be8d58391a0926ae4caa2f2e15e1_v9000000004_volunteer_50_5.diff, 0, 452.0, 192.168.43.147
2018.08.26.15.20.05, START_FILE_DOWNLOAD, 30afd89a96cbba217ddc4fbc7e70d817, pub_manager.bgp, 0, 310.0, 9000000001
2018.08.26.15.20.05, STOP_FILE_DOWNLOAD, 30afd89a96cbba217ddc4fbc7e70d817, pub_manager.bgp, 310, 310.0, 9000000001
2018.08.26.15.20.05, START_FILE_DOWNLOAD, d324ad64a21eecff2dd8acab7d7326, a775be8d58391a0926ae4caa2f2e15e1_v9000000004_volunteer_50_3.diff, 0, 328.0, 192.168.43.147
2018.08.26.15.20.05, START_FILE_DOWNLOAD, 27ffd945563d4bdf5445d7b01b4a046, a775be8d58391a0926ae4caa2f2e15e1_v9000000004_volunteer_50_8ffc90d8cad3fcfe.png, 0, 425942.0, 192.168.43.147
2018.08.26.15.20.05, START_FILE_DOWNLOAD, fc74b99426792fa161de13cf61b251a3, a775be8d58391a0926ae4caa2f2e15e1_v9000000004_volunteer_50.bgp, 0, 808.0, 9000000001
2018.08.26.15.20.05, STOP_FILE_DOWNLOAD, d324ad64a21eecff2dd8acab7d7326, a775be8d58391a0926ae4caa2f2e15e1_v9000000004_volunteer_50_3.diff, 328, 328.0, 192.168.43.147
2018.08.26.15.20.05, STOP_FILE_DOWNLOAD, fc74b99426792fa161de13cf61b251a3, a775be8d58391a0926ae4caa2f2e15e1_v9000000004_volunteer_50.bgp, 808, 808.0, 9000000001
2018.08.26.15.20.05, STOP_FILE_DOWNLOAD, 9c847c47dae060124cdd7dc09a25ec6, a775be8d58391a0926ae4caa2f2e15e1_v9000000004_volunteer_50_4.diff, 370, 370.0, 192.168.43.147
2018.08.26.15.20.05, START_FILE_DOWNLOAD, 631e7961fe427669688337feb37f51, a775be8d58391a0926ae4caa2f2e15e1_v9000000004_volunteer_50_147153f7a68aca7d.jpeg, 0, 199564.0, 192.168.43.147
2018.08.26.15.20.05, START_FILE_DOWNLOAD, b59c915c0ebcbb187972b1d53425bdf, a775be8d58391a0926ae4caa2f2e15e1_v9000000004_volunteer_50_6.diff, 0, 501.0, 192.168.43.147
2018.08.26.15.20.05, SUMMARY_VECTOR_RECEIVED, 50534
2018.08.26.15.20.05, STOP_FILE_DOWNLOAD, fe7554ae8167c54dc22ee721019c319, a775be8d58391a0926ae4caa2f2e15e1_v9000000004_volunteer_50_5.diff, 452, 452.0, 192.168.43.147
2018.08.26.15.20.05, STOP_FILE_DOWNLOAD, b59c915c0ebcbb187972b1d53425bdf, a775be8d58391a0926ae4caa2f2e15e1_v9000000004_volunteer_50_6.diff, 501, 501.0, 192.168.43.147
2018.08.26.15.20.05, START_FILE_DOWNLOAD, 35908956b94a9f014ebc6bb8bffdfb2, a775be8d58391a0926ae4caa2f2e15e1_v9000000004_volunteer_50_7.diff, 0, 902.0, 192.168.43.147
2018.08.26.15.20.05, START_FILE_DOWNLOAD, 9c54ba676f26d05e6fa4fd22b51f9d10, a775be8d58391a0926ae4caa2f2e15e1_v9000000004_volunteer_50_2.diff, 0, 235.0, 192.168.43.147
2018.08.26.15.20.05, STOP_FILE_DOWNLOAD, 9c54ba676f26d05e6fa4fd22b51f9d10, a775be8d58391a0926ae4caa2f2e15e1_v9000000004_volunteer_50_2.diff, 235, 235.0, 192.168.43.147
2018.08.26.15.20.05, STOP_FILE_DOWNLOAD, 35908956b94a9f014ebc6bb8bffdfb2, a775be8d58391a0926ae4caa2f2e15e1_v9000000004_volunteer_50_7.diff, 902, 902.0, 192.168.43.147
2018.08.26.15.20.05, STOP_FILE_DOWNLOAD, 27ffd945563d4bdf5445d7b01b4a046, a775be8d58391a0926ae4caa2f2e15e1_v9000000004_volunteer_50_8ffc90d8cad3fcfe.png, 425942, 425942.0, 192.168.43.147
2018.08.26.15.20.05, STOP_FILE_DOWNLOAD, 631e7961fe427669688337feb37f51, a775be8d58391a0926ae4caa2f2e15e1_v9000000004_volunteer_50_147153f7a68aca7d.jpeg, 199564, 199564.0, 192.168.43.147
2018.08.26.15.20.10, CHECKING OLD LOG FILES IF ANY
2018.08.26.15.20.10, CHECKING OLD LOG FILES IF ANY
2018.08.26.15.20.10, CHECKING OLD LOG FILES IF ANY
2018.08.26.15.20.10, CHECKING OLD LOG FILES IF ANY
2018.08.26.15.20.10, DEBUG Controller MISSING FILE START DOWNLOAD de8df37939d97c4913d404b5b459518a_v9000000001_volunteer_50.bgp -1.0
2018.08.26.15.20.10, START_FILE_DOWNLOAD, f41e0b280d3b0a77b7e8aec3aa80a1, de8df37939d97c4913d404b5b459518a_v9000000001_volunteer_50.bgp, 0, 816.0, 9000000004
2018.08.26.15.20.10, START_FILE_DOWNLOAD, cb32fba7d2581e1784d32e7fe5b0682, de8df37939d97c4913d404b5b459518a_v9000000001_volunteer_50_37270c2827987673.png, 0, 448866.0, 192.168.43.197
2018.08.26.15.20.10, START_FILE_DOWNLOAD, 32ef3d186525129e517f1d18b8de5b66, de8df37939d97c4913d404b5b459518a_v9000000001_volunteer_50_2.diff, 0, 295.0, 192.168.43.197
2018.08.26.15.20.10, STOP_FILE_DOWNLOAD, f41e0b280d3b0a77b7e8aec3aa80a1, de8df37939d97c4913d404b5b459518a_v9000000001_volunteer_50.bgp, 816, 816.0, 9000000004
2018.08.26.15.20.10, START_FILE_DOWNLOAD, a22773ea851d7b8971c76c75d1aa01b, de8df37939d97c4913d404b5b459518a_v9000000001_volunteer_50_9.diff, 0, 1418.0, 192.168.43.197
2018.08.26.15.20.10, START_FILE_DOWNLOAD, cd5c7b7f23479676999c43745e1ad50, de8df37939d97c4913d404b5b459518a_v9000000001_volunteer_50_2a48635345b3d665.png, 0, 728137.0, 192.168.43.197
2018.08.26.15.20.10, START_FILE_DOWNLOAD, a1ab80e03d385a6789c5d71aa561a32, de8df37939d97c4913d404b5b459518a_v9000000001_volunteer_50_fe0a301a8d2d902d.jpeg, 0, 197513.0, 192.168.43.197
2018.08.26.15.20.10, START_FILE_DOWNLOAD, b0842993529ba868c98224f55d83ccc, de8df37939d97c4913d404b5b459518a_v9000000001_volunteer_50_c356cc51aa571501.jpeg, 0, 203013.0, 192.168.43.197
2018.08.26.15.20.10, START_FILE_DOWNLOAD, c9b4673114887e31187b8def3cb0ed4f, de8df37939d97c4913d404b5b459518a_v9000000001_volunteer_50_3.diff, 0, 676.0, 192.168.43.197
2018.08.26.15.20.10, STOP_FILE_DOWNLOAD, c9b4673114887e31187b8def3cb0ed4f, de8df37939d97c4913d404b5b459518a_v9000000001_volunteer_50_3.diff, 676, 676.0, 192.168.43.197
2018.08.26.15.20.10, STOP_FILE_DOWNLOAD, a22773ea851d7b8971c76c75d1aa01b, de8df37939d97c4913d404b5b459518a_v9000000001_volunteer_50_9.diff, 1418, 1418.0, 192.168.43.197
2018.08.26.15.20.10, STOP_FILE_DOWNLOAD, 32ef3d186525129e517f1d18b8de5b66, de8df37939d97c4913d404b5b459518a_v9000000001_volunteer_50_2.diff, 295, 295.0, 192.168.43.197
2018.08.26.15.20.10, START_FILE_DOWNLOAD, 9e667b57e9bf59ff4aba414361ea90fc, de8df37939d97c4913d404b5b459518a_v9000000001_volunteer_50_6.diff, 0, 988.0, 192.168.43.197
2018.08.26.15.20.10, STOP_FILE_DOWNLOAD, 9e667b57e9bf59ff4aba414361ea90fc, de8df37939d97c4913d404b5b459518a_v9000000001_volunteer_50_6.diff, 988, 988.0, 192.168.43.197
2018.08.26.15.20.10, START_FILE_DOWNLOAD, 9833808b56cac7a4a7a5a359cb4334e8, de8df37939d97c4913d404b5b459518a_v9000000001_volunteer_50_505c8933333f81d6.png, 0, 517842.0, 192.168.43.197
2018.08.26.15.20.10, START_FILE_DOWNLOAD, 1399fffb8b7057a0c674741344247a68, de8df37939d97c4913d404b5b459518a_v9000000001_volunteer_50_1.diff, 0, 219.0, 192.168.43.197
2018.08.26.15.20.10, START_FILE_DOWNLOAD, 0d94ffc3bb69548bc4ee2e5803023, de8df37939d97c4913d404b5b459518a_v9000000001_volunteer_50_8.diff, 0, 1232.0, 192.168.43.197
2018.08.26.15.20.10, START_FILE_DOWNLOAD, 3618c3631835a4b85e3a86229396e2c9, de8df37939d97c4913d404b5b459518a_v9000000001_volunteer_50_ab50440039125bb5.png, 0, 329303.0, 192.168.43.197
2018.08.26.15.20.10, START_FILE_DOWNLOAD, ebb0991d61ccd6d064e9a63896e62acf, de8df37939d97c4913d404b5b459518a_v9000000001_volunteer_50_4.diff, 0, 727.0, 192.168.43.197
2018.08.26.15.20.10, START_FILE_DOWNLOAD, 31522c3ee52029cd30756032cef1cf8d, de8df37939d97c4913d404b5b459518a_v9000000001_volunteer_50_7.diff, 0, 1151.0, 192.168.43.197
2018.08.26.15.20.10, START_FILE_DOWNLOAD, e5fc965e165467d246fd84ec5599181, de8df37939d97c4913d404b5b459518a_v9000000001_volunteer_50_5.diff, 0, 800.0, 192.168.43.197
2018.08.26.15.20.10, STOP_FILE_DOWNLOAD, 1399fffb8b7057a0c674741344247a68, de8df37939d97c4913d404b5b459518a_v9000000001_volunteer_50_1.diff, 219, 219.0, 192.168.43.197
2018.08.26.15.20.10, STOP_FILE_DOWNLOAD, 0d94ffc3bb69548bc4ee2e5803023, de8df37939d97c4913d404b5b459518a_v9000000001_volunteer_50_8.diff, 1232, 1232.0, 192.168.43.197
2018.08.26.15.20.10, STOP_FILE_DOWNLOAD, ebb0991d61ccd6d064e9a63896e62acf, de8df37939d97c4913d404b5b459518a_v9000000001_volunteer_50_4.diff, 727, 727.0, 192.168.43.197
2018.08.26.15.20.10, STOP_FILE_DOWNLOAD, 31522c3ee52029cd30756032cef1cf8d, de8df37939d97c4913d404b5b459518a_v9000000001_volunteer_50_7.diff, 1151, 1151.0, 192.168.43.197
2018.08.26.15.20.10, STOP_FILE_DOWNLOAD, e5fc965e165467d246fd84ec5599181, de8df37939d97c4913d404b5b459518a_v9000000001_volunteer_50_5.diff, 800, 800.0, 192.168.43.197
2018.08.26.15.20.10, STOP_FILE_DOWNLOAD, b0842993529ba868c98224f55d83ccc, de8df37939d97c4913d404b5b459518a_v9000000001_volunteer_50_c356cc51aa571501.jpeg, 203013, 203013.0, 192.168.43.197
2018.08.26.15.20.10, STOP_FILE_DOWNLOAD, a1ab80e03d385a6789c5d71aa561a32, de8df37939d97c4913d404b5b459518a_v9000000001_volunteer_50_fe0a301a8d2d902d.jpeg, 197513, 197513.0, 192.168.43.197
2018.08.26.15.20.10, STOP_FILE_DOWNLOAD, cb32fba7d2581e1784d32e7fe5b0682, de8df37939d97c4913d404b5b459518a_v9000000001_volunteer_50_37270c2827987673.png, 448866, 448866.0, 192.168.43.197
2018.08.26.15.20.11, STOP_FILE_DOWNLOAD, 3618c3631835a4b85e3a86229396e2c9, de8df37939d97c4913d404b5b459518a_v9000000001_volunteer_50_ab50440039125bb5.png, 329303, 329303.0, 192.168.43.197
2018.08.26.15.20.11, STOP_FILE_DOWNLOAD, 9833808b56cac7a4a7a5a359cb4334e8, de8df37939d97c4913d404b5b459518a_v9000000001_volunteer_50_505c8933333f81d6.png, 517842, 517842.0, 192.168.43.197
2018.08.26.15.20.11, STOP_FILE_DOWNLOAD, cd5c7b7f23479676999c43745e1ad50, de8df37939d97c4913d404b5b459518a_v9000000001_volunteer_50_2a48635345b3d665.png, 728137, 728137.0, 192.168.43.197
2018.08.26.15.20.25, SUMMARY_VECTOR_RECEIVED, 51278
2018.08.26.15.20.26, SUMMARY_VECTOR_RECEIVED, 51274
2018.08.26.15.20.30, CHECKING OLD LOG FILES IF ANY
2018.08.26.15.20.30, CHECKING OLD LOG FILES IF ANY
2018.08.26.15.20.30, CHECKING OLD LOG FILES IF ANY
2018.08.26.15.20.30, CHECKING OLD LOG FILES IF ANY
2018.08.26.15.20.30, DEBUG Controller MISSING FILE START DOWNLOAD MapDisarm_Log_9000000004_20180826152022.txt 9.999999999999998E13
2018.08.26.15.20.30, DEBUG Controller MISSING FILE START DOWNLOAD MapDisarm_Log_9000000001_20180826152016.txt 9.999999999999998E13
2018.08.26.15.20.30, DEBUG Controller MISSING FILE START DOWNLOAD MapDisarm_Log_9000000001_20180826151922.txt 9.999999999999998E13
2018.08.26.15.20.30, DEBUG Controller MISSING FILE START DOWNLOAD MapDisarm_Log_9000000004_20180826152002.txt 9.999999999999998E13
2018.08.26.15.20.30, START_FILE_DOWNLOAD, 8824013e7a029fa284c48b5091349b, MapDisarm_Log_9000000001_20180826152016.txt, 0, 1896.0, 9000000001
2018.08.26.15.20.30, STOP_FILE_DOWNLOAD, 8824013e7a029fa284c48b5091349b, MapDisarm_Log_9000000001_20180826152016.txt, 1896, 1896.0, 9000000001
2018.08.26.15.20.30, START_FILE_DOWNLOAD, 381ee59c6ae411c1d075affce458edcf, MapDisarm_Log_9000000004_20180826152022.txt, 0, 5568.0, 9000000004
2018.08.26.15.20.30, STOP_FILE_DOWNLOAD, 381ee59c6ae411c1d075affce458edcf, MapDisarm_Log_9000000004_20180826152022.txt, 5568, 5568.0, 9000000004
2018.08.26.15.20.30, START_FILE_DOWNLOAD, f5966069ea8b6dc83219cb7f3b916ec, MapDisarm_Log_9000000004_20180826152002.txt, 0, 5472.0, 9000000001
2018.08.26.15.20.30, STOP_FILE_DOWNLOAD, f5966069ea8b6dc83219cb7f3b916ec, MapDisarm_Log_9000000004_20180826152002.txt, 5472, 5472.0, 9000000001
2018.08.26.15.20.30, START_FILE_DOWNLOAD, 62e4383c9c2f2c812bcdc1342d34885, MapDisarm_Log_9000000001_20180826151922.txt, 0, 1796.0, 9000000004
2018.08.26.15.20.30, STOP_FILE_DOWNLOAD, 62e4383c9c2f2c812bcdc1342d34885, MapDisarm_Log_9000000001_20180826151922.txt, 1796, 1796.0, 9000000004
2018.08.26.15.20.35, REMOVING LOGMapDisarm_Log_9000000001_20180826151922.txt
2018.08.26.15.20.35, KEEPING LOGMapDisarm_Log_9000000001_20180826152016.txt
2018.08.26.15.20.35, KEEPING LOGMapDisarm_Log_9000000004_20180826152022.txt
2018.08.26.15.20.35, REMOVING LOGMapDisarm_Log_9000000004_20180826152002.txt
2018.08.26.15.20.35, KEEPING LOGMapDisarm_Log_9000000004_20180826152022.txt
2018.08.26.15.20.46, SUMMARY_VECTOR_RECEIVED, 51697
2018.08.26.15.20.46, SUMMARY_VECTOR_RECEIVED, 52382
2018.08.26.15.20.50, CHECKING OLD LOG FILES IF ANY
2018.08.26.15.20.50, CHECKING OLD LOG FILES IF ANY
2018.08.26.15.20.51, CHECKING OLD LOG FILES IF ANY
2018.08.26.15.20.51, CHECKING OLD LOG FILES IF ANY
2018.08.26.15.20.51, DEBUG Controller MISSING FILE START DOWNLOAD de8df37939d97c4913d404b5b459518a_v9000000001_volunteer_50_10.diff -1.0
2018.08.26.15.20.51, DEBUG Controller MISSING FILE START DOWNLOAD MapDisarm_Log_9000000004_20180826152042.txt 9.999999999999998E13
2018.08.26.15.20.51, DEBUG Controller MISSING FILE START DOWNLOAD MapDisarm_Log_9000000001_20180826152036.txt 9.999999999999998E13
2018.08.26.15.20.51, START_FILE_DOWNLOAD, 52a362968e0118919285fa38bf9aae, de8df37939d97c4913d404b5b459518a_v9000000001_volunteer_50_10.diff, 0, 1510.0, 9000000001
2018.08.26.15.20.51, START_FILE_DOWNLOAD, 1ed054c077c3de298ab6c256dd2f5c90, MapDisarm_Log_9000000001_20180826152036.txt, 0, 1996.0, 9000000001
2018.08.26.15.20.51, STOP_FILE_DOWNLOAD, 52a362968e0118919285fa38bf9aae, de8df37939d97c4913d404b5b459518a_v9000000001_volunteer_50_10.diff, 1510, 1510.0, 9000000001
2018.08.26.15.20.51, STOP_FILE_DOWNLOAD, 1ed054c077c3de298ab6c256dd2f5c90, MapDisarm_Log_9000000001_20180826152036.txt, 1996, 1996.0, 9000000001
2018.08.26.15.20.51, START_FILE_DOWNLOAD, a14287e4ff074944b9f7646c1a922, MapDisarm_Log_9000000004_20180826152042.txt, 0, 5668.0, 9000000004
2018.08.26.15.20.51, STOP_FILE_DOWNLOAD, a14287e4ff074944b9f7646c1a922, MapDisarm_Log_9000000004_20180826152042.txt, 5668, 5668.0, 9000000004
2018.08.26.15.20.56, KEEPING LOGMapDisarm_Log_9000000001_20180826152036.txt
2018.08.26.15.20.56, REMOVING LOGMapDisarm_Log_9000000001_20180826152016.txt
2018.08.26.15.20.56, KEEPING LOGMapDisarm_Log_9000000004_20180826152042.txt
2018.08.26.15.20.56, REMOVING LOGMapDisarm_Log_9000000004_20180826152022.txt
2018.08.26.15.20.56, CHECKING OLD LOG FILES IF ANY
2018.08.26.15.20.56, CHECKING OLD LOG FILES IF ANY
2018.08.26.15.21.01, CHECKING OLD LOG FILES IF ANY
2018.08.26.15.21.01, CHECKING OLD LOG FILES IF ANY
2018.08.26.15.21.06, CHECKING OLD LOG FILES IF ANY
2018.08.26.15.21.06, CHECKING OLD LOG FILES IF ANY
2018.08.26.15.21.06, SUMMARY_VECTOR_RECEIVED, 53555
2018.08.26.15.21.09, PEER_LOST, 9000000001, 192.168.43.147
2018.08.26.15.21.11, CHECKING OLD LOG FILES IF ANY
2018.08.26.15.21.11, CHECKING OLD LOG FILES IF ANY
2018.08.26.15.21.11, DEBUG Controller MISSING FILE START DOWNLOAD MapDisarm_Log_9000000004_20180826152102.txt 9.999999999999998E13
2018.08.26.15.21.11, START_FILE_DOWNLOAD, c14237ceebf8bb8cf7a5b3e3b59b4967, MapDisarm_Log_9000000004_20180826152102.txt, 0, 5768.0, 9000000004
2018.08.26.15.21.11, STOP_FILE_DOWNLOAD, c14237ceebf8bb8cf7a5b3e3b59b4967, MapDisarm_Log_9000000004_20180826152102.txt, 5768, 5768.0, 9000000004
2018.08.26.15.21.16, REMOVING LOGMapDisarm_Log_9000000004_20180826152042.txt
2018.08.26.15.21.16, KEEPING LOGMapDisarm_Log_9000000004_20180826152102.txt
2018.08.26.15.21.16, CHECKING OLD LOG FILES IF ANY
2018.08.26.15.21.21, CHECKING OLD LOG FILES IF ANY
2018.08.26.15.21.26, CHECKING OLD LOG FILES IF ANY
2018.08.26.15.21.26, SUMMARY_VECTOR_RECEIVED, 53551
2018.08.26.15.21.31, CHECKING OLD LOG FILES IF ANY
2018.08.26.15.21.31, CHECKING OLD LOG FILES IF ANY
2018.08.26.15.21.31, DEBUG Controller MISSING FILE START DOWNLOAD MapDisarm_Log_9000000004_20180826152122.txt 9.999999999999998E13
2018.08.26.15.21.31, START_FILE_DOWNLOAD, 435a7f698a84b3c7a8b8dfaafe7269, MapDisarm_Log_9000000004_20180826152122.txt, 0, 5866.0, 9000000004
2018.08.26.15.21.31, STOP_FILE_DOWNLOAD, 435a7f698a84b3c7a8b8dfaafe7269, MapDisarm_Log_9000000004_20180826152122.txt, 5866, 5866.0, 9000000004
2018.08.26.15.21.36, KEEPING LOGMapDisarm_Log_9000000004_20180826152122.txt
2018.08.26.15.21.36, REMOVING LOGMapDisarm_Log_9000000004_20180826152102.txt
2018.08.26.15.21.36, CHECKING OLD LOG FILES IF ANY
2018.08.26.15.21.41, CHECKING OLD LOG FILES IF ANY
2018.08.26.15.21.46, CHECKING OLD LOG FILES IF ANY
2018.08.26.15.21.46, SUMMARY_VECTOR_RECEIVED, 53553
2018.08.26.15.21.51, CHECKING OLD LOG FILES IF ANY
2018.08.26.15.21.51, CHECKING OLD LOG FILES IF ANY
2018.08.26.15.21.51, DEBUG Controller MISSING FILE START DOWNLOAD MapDisarm_Log_9000000004_20180826152142.txt 9.999999999999998E13
2018.08.26.15.21.51, START_FILE_DOWNLOAD, 485d8ac4dd222cf1cc31a5ea85ebcbc, MapDisarm_Log_9000000004_20180826152142.txt, 0, 5966.0, 9000000004
2018.08.26.15.21.51, STOP_FILE_DOWNLOAD, 485d8ac4dd222cf1cc31a5ea85ebcbc, MapDisarm_Log_9000000004_20180826152142.txt, 5966, 5966.0, 9000000004
2018.08.26.15.21.56, REMOVING LOGMapDisarm_Log_9000000004_20180826152122.txt
2018.08.26.15.21.56, KEEPING LOGMapDisarm_Log_9000000004_20180826152142.txt
2018.08.26.15.21.56, CHECKING OLD LOG FILES IF ANY
2018.08.26.15.22.01, CHECKING OLD LOG FILES IF ANY
2018.08.26.15.22.06, CHECKING OLD LOG FILES IF ANY
2018.08.26.15.22.06, SUMMARY_VECTOR_RECEIVED, 53553
2018.08.26.15.22.11, CHECKING OLD LOG FILES IF ANY
2018.08.26.15.22.11, CHECKING OLD LOG FILES IF ANY
2018.08.26.15.22.11, DEBUG Controller MISSING FILE START DOWNLOAD MapDisarm_Log_9000000004_20180826152202.txt 9.999999999999998E13
2018.08.26.15.22.11, START_FILE_DOWNLOAD, 081b6d1b9985b16713a851011c869c9, MapDisarm_Log_9000000004_20180826152202.txt, 0, 6066.0, 9000000004
2018.08.26.15.22.11, STOP_FILE_DOWNLOAD, 081b6d1b9985b16713a851011c869c9, MapDisarm_Log_9000000004_20180826152202.txt, 6066, 6066.0, 9000000004
2018.08.26.15.22.16, REMOVING LOGMapDisarm_Log_9000000004_20180826152142.txt
2018.08.26.15.22.16, KEEPING LOGMapDisarm_Log_9000000004_20180826152202.txt
2018.08.26.15.22.16, CHECKING OLD LOG FILES IF ANY
2018.08.26.15.22.21, CHECKING OLD LOG FILES IF ANY
2018.08.26.15.22.26, CHECKING OLD LOG FILES IF ANY
2018.08.26.15.22.26, SUMMARY_VECTOR_RECEIVED, 53555
2018.08.26.15.22.31, CHECKING OLD LOG FILES IF ANY
2018.08.26.15.22.31, CHECKING OLD LOG FILES IF ANY
2018.08.26.15.22.31, DEBUG Controller MISSING FILE START DOWNLOAD MapDisarm_Log_9000000004_20180826152222.txt 9.999999999999998E13
2018.08.26.15.22.31, START_FILE_DOWNLOAD, 773d203ef1e824b1c53764b9486e588b, MapDisarm_Log_9000000004_20180826152222.txt, 0, 6166.0, 9000000004
2018.08.26.15.22.31, STOP_FILE_DOWNLOAD, 773d203ef1e824b1c53764b9486e588b, MapDisarm_Log_9000000004_20180826152222.txt, 6166, 6166.0, 9000000004
2018.08.26.15.22.36, KEEPING LOGMapDisarm_Log_9000000004_20180826152222.txt
2018.08.26.15.22.36, REMOVING LOGMapDisarm_Log_9000000004_20180826152202.txt
2018.08.26.15.22.36, CHECKING OLD LOG FILES IF ANY
2018.08.26.15.22.41, CHECKING OLD LOG FILES IF ANY
2018.08.26.15.22.46, CHECKING OLD LOG FILES IF ANY
2018.08.26.15.22.46, SUMMARY_VECTOR_RECEIVED, 53551
2018.08.26.15.22.51, CHECKING OLD LOG FILES IF ANY
2018.08.26.15.22.51, CHECKING OLD LOG FILES IF ANY
2018.08.26.15.22.51, DEBUG Controller MISSING FILE START DOWNLOAD MapDisarm_Log_9000000004_20180826152242.txt 9.999999999999998E13
2018.08.26.15.22.51, START_FILE_DOWNLOAD, d4427d4c4e1592c0bbcf212c563799, MapDisarm_Log_9000000004_20180826152242.txt, 0, 6264.0, 9000000004
2018.08.26.15.22.51, STOP_FILE_DOWNLOAD, d4427d4c4e1592c0bbcf212c563799, MapDisarm_Log_9000000004_20180826152242.txt, 6264, 6264.0, 9000000004
2018.08.26.15.22.56, REMOVING LOGMapDisarm_Log_9000000004_20180826152222.txt
2018.08.26.15.22.56, KEEPING LOGMapDisarm_Log_9000000004_20180826152242.txt
2018.08.26.15.22.56, CHECKING OLD LOG FILES IF ANY
2018.08.26.15.23.01, CHECKING OLD LOG FILES IF ANY
2018.08.26.15.23.06, CHECKING OLD LOG FILES IF ANY
2018.08.26.15.23.06, SUMMARY_VECTOR_RECEIVED, 53555
2018.08.26.15.23.11, CHECKING OLD LOG FILES IF ANY
2018.08.26.15.23.11, CHECKING OLD LOG FILES IF ANY
2018.08.26.15.23.11, DEBUG Controller MISSING FILE START DOWNLOAD MapDisarm_Log_9000000004_20180826152302.txt 9.999999999999998E13
2018.08.26.15.23.12, START_FILE_DOWNLOAD, 436143e71f3caca4e3a3c75e62ecbaec, MapDisarm_Log_9000000004_20180826152302.txt, 0, 6364.0, 9000000004
2018.08.26.15.23.12, STOP_FILE_DOWNLOAD, 436143e71f3caca4e3a3c75e62ecbaec, MapDisarm_Log_9000000004_20180826152302.txt, 6364, 6364.0, 9000000004
2018.08.26.15.23.16, REMOVING LOGMapDisarm_Log_9000000004_20180826152242.txt
2018.08.26.15.23.16, KEEPING LOGMapDisarm_Log_9000000004_20180826152302.txt
2018.08.26.15.23.16, CHECKING OLD LOG FILES IF ANY
2018.08.26.15.23.21, CHECKING OLD LOG FILES IF ANY
2018.08.26.15.23.26, CHECKING OLD LOG FILES IF ANY
2018.08.26.15.23.26, SUMMARY_VECTOR_RECEIVED, 53555
2018.08.26.15.23.31, CHECKING OLD LOG FILES IF ANY
2018.08.26.15.23.31, CHECKING OLD LOG FILES IF ANY
2018.08.26.15.23.31, DEBUG Controller MISSING FILE START DOWNLOAD MapDisarm_Log_9000000004_20180826152322.txt 9.999999999999998E13
2018.08.26.15.23.31, START_FILE_DOWNLOAD, ea6a333583e84dc16d7a2381cfe0dc77, MapDisarm_Log_9000000004_20180826152322.txt, 0, 6464.0, 9000000004
2018.08.26.15.23.31, STOP_FILE_DOWNLOAD, ea6a333583e84dc16d7a2381cfe0dc77, MapDisarm_Log_9000000004_20180826152322.txt, 6464, 6464.0, 9000000004
2018.08.26.15.23.36, REMOVING LOGMapDisarm_Log_9000000004_20180826152302.txt
2018.08.26.15.23.36, KEEPING LOGMapDisarm_Log_9000000004_20180826152322.txt
2018.08.26.15.23.36, CHECKING OLD LOG FILES IF ANY
2018.08.26.15.23.41, CHECKING OLD LOG FILES IF ANY
2018.08.26.15.23.46, CHECKING OLD LOG FILES IF ANY
2018.08.26.15.23.46, SUMMARY_VECTOR_RECEIVED, 53553
2018.08.26.15.23.51, CHECKING OLD LOG FILES IF ANY
2018.08.26.15.23.51, CHECKING OLD LOG FILES IF ANY
2018.08.26.15.23.51, DEBUG Controller MISSING FILE START DOWNLOAD MapDisarm_Log_9000000004_20180826152342.txt 9.999999999999998E13
2018.08.26.15.23.51, START_FILE_DOWNLOAD, 6a304d6b2af20e077ae2ff44679c2af, MapDisarm_Log_9000000004_20180826152342.txt, 0, 6564.0, 9000000004
2018.08.26.15.23.51, STOP_FILE_DOWNLOAD, 6a304d6b2af20e077ae2ff44679c2af, MapDisarm_Log_9000000004_20180826152342.txt, 6564, 6564.0, 9000000004
2018.08.26.15.23.56, KEEPING LOGMapDisarm_Log_9000000004_20180826152342.txt
2018.08.26.15.23.56, REMOVING LOGMapDisarm_Log_9000000004_20180826152322.txt
2018.08.26.15.23.56, CHECKING OLD LOG FILES IF ANY
2018.08.26.15.24.01, CHECKING OLD LOG FILES IF ANY
2018.08.26.15.24.06, CHECKING OLD LOG FILES IF ANY
2018.08.26.15.24.06, SUMMARY_VECTOR_RECEIVED, 53553
2018.08.26.15.24.11, CHECKING OLD LOG FILES IF ANY
2018.08.26.15.24.11, CHECKING OLD LOG FILES IF ANY
2018.08.26.15.24.11, DEBUG Controller MISSING FILE START DOWNLOAD MapDisarm_Log_9000000004_20180826152402.txt 9.999999999999998E13
2018.08.26.15.24.11, START_FILE_DOWNLOAD, 47b2ba049c160afade670edf1d2951b, MapDisarm_Log_9000000004_20180826152402.txt, 0, 6664.0, 9000000004
2018.08.26.15.24.11, STOP_FILE_DOWNLOAD, 47b2ba049c160afade670edf1d2951b, MapDisarm_Log_9000000004_20180826152402.txt, 6664, 6664.0, 9000000004
2018.08.26.15.24.16, REMOVING LOGMapDisarm_Log_9000000004_20180826152342.txt
2018.08.26.15.24.16, KEEPING LOGMapDisarm_Log_9000000004_20180826152402.txt
2018.08.26.15.24.16, CHECKING OLD LOG FILES IF ANY
2018.08.26.15.24.21, CHECKING OLD LOG FILES IF ANY
2018.08.26.15.24.26, CHECKING OLD LOG FILES IF ANY
2018.08.26.15.24.27, SUMMARY_VECTOR_RECEIVED, 53547
2018.08.26.15.24.31, CHECKING OLD LOG FILES IF ANY
2018.08.26.15.24.31, CHECKING OLD LOG FILES IF ANY
2018.08.26.15.24.31, DEBUG Controller MISSING FILE START DOWNLOAD MapDisarm_Log_9000000004_20180826152422.txt 9.999999999999998E13
2018.08.26.15.24.32, START_FILE_DOWNLOAD, 58708b59267b455ba83ed2783e1a, MapDisarm_Log_9000000004_20180826152422.txt, 0, 6764.0, 9000000004
2018.08.26.15.24.32, STOP_FILE_DOWNLOAD, 58708b59267b455ba83ed2783e1a, MapDisarm_Log_9000000004_20180826152422.txt, 6764, 6764.0, 9000000004
2018.08.26.15.24.36, KEEPING LOGMapDisarm_Log_9000000004_20180826152422.txt
2018.08.26.15.24.36, REMOVING LOGMapDisarm_Log_9000000004_20180826152402.txt
2018.08.26.15.24.36, CHECKING OLD LOG FILES IF ANY
2018.08.26.15.24.41, CHECKING OLD LOG FILES IF ANY
2018.08.26.15.24.46, CHECKING OLD LOG FILES IF ANY
2018.08.26.15.24.46, SUMMARY_VECTOR_RECEIVED, 53555
2018.08.26.15.24.51, CHECKING OLD LOG FILES IF ANY
2018.08.26.15.24.51, CHECKING OLD LOG FILES IF ANY
2018.08.26.15.24.51, DEBUG Controller MISSING FILE START DOWNLOAD MapDisarm_Log_9000000004_20180826152442.txt 9.999999999999998E13
2018.08.26.15.24.52, START_FILE_DOWNLOAD, 41e2a3ed1cba46538a83c7bc34654dee, MapDisarm_Log_9000000004_20180826152442.txt, 0, 6864.0, 9000000004
2018.08.26.15.24.52, STOP_FILE_DOWNLOAD, 41e2a3ed1cba46538a83c7bc34654dee, MapDisarm_Log_9000000004_20180826152442.txt, 6864, 6864.0, 9000000004
2018.08.26.15.24.56, REMOVING LOGMapDisarm_Log_9000000004_20180826152422.txt
2018.08.26.15.24.56, KEEPING LOGMapDisarm_Log_9000000004_20180826152442.txt
2018.08.26.15.24.56, CHECKING OLD LOG FILES IF ANY
2018.08.26.15.25.01, CHECKING OLD LOG FILES IF ANY
2018.08.26.15.25.06, CHECKING OLD LOG FILES IF ANY
2018.08.26.15.25.07, SUMMARY_VECTOR_RECEIVED, 53553
2018.08.26.15.25.11, CHECKING OLD LOG FILES IF ANY
2018.08.26.15.25.11, CHECKING OLD LOG FILES IF ANY
2018.08.26.15.25.11, DEBUG Controller MISSING FILE START DOWNLOAD MapDisarm_Log_9000000004_20180826152502.txt 9.999999999999998E13
2018.08.26.15.25.11, START_FILE_DOWNLOAD, 5bfc82a72038af58f520905b250361e, MapDisarm_Log_9000000004_20180826152502.txt, 0, 6964.0, 9000000004
2018.08.26.15.25.11, STOP_FILE_DOWNLOAD, 5bfc82a72038af58f520905b250361e, MapDisarm_Log_9000000004_20180826152502.txt, 6964, 6964.0, 9000000004
2018.08.26.15.25.16, REMOVING LOGMapDisarm_Log_9000000004_20180826152442.txt
2018.08.26.15.25.16, KEEPING LOGMapDisarm_Log_9000000004_20180826152502.txt
2018.08.26.15.25.16, CHECKING OLD LOG FILES IF ANY
2018.08.26.15.25.21, CHECKING OLD LOG FILES IF ANY
2018.08.26.15.25.26, CHECKING OLD LOG FILES IF ANY
2018.08.26.15.25.27, SUMMARY_VECTOR_RECEIVED, 53555
2018.08.26.15.25.31, CHECKING OLD LOG FILES IF ANY
2018.08.26.15.25.31, CHECKING OLD LOG FILES IF ANY
2018.08.26.15.25.31, DEBUG Controller MISSING FILE START DOWNLOAD MapDisarm_Log_9000000004_20180826152522.txt 9.999999999999998E13
2018.08.26.15.25.31, START_FILE_DOWNLOAD, e19522efc320c7c6629a73f9be4fe57d, MapDisarm_Log_9000000004_20180826152522.txt, 0, 7064.0, 9000000004
2018.08.26.15.25.31, STOP_FILE_DOWNLOAD, e19522efc320c7c6629a73f9be4fe57d, MapDisarm_Log_9000000004_20180826152522.txt, 7064, 7064.0, 9000000004
2018.08.26.15.25.36, REMOVING LOGMapDisarm_Log_9000000004_20180826152502.txt
2018.08.26.15.25.36, KEEPING LOGMapDisarm_Log_9000000004_20180826152522.txt
2018.08.26.15.25.36, CHECKING OLD LOG FILES IF ANY
2018.08.26.15.25.41, CHECKING OLD LOG FILES IF ANY
2018.08.26.15.25.46, CHECKING OLD LOG FILES IF ANY
2018.08.26.15.25.47, SUMMARY_VECTOR_RECEIVED, 53555
2018.08.26.15.25.51, CHECKING OLD LOG FILES IF ANY
2018.08.26.15.25.56, CHECKING OLD LOG FILES IF ANY
2018.08.26.15.26.01, CHECKING OLD LOG FILES IF ANY
2018.08.26.15.26.06, CHECKING OLD LOG FILES IF ANY
2018.08.26.15.26.07, SUMMARY_VECTOR_RECEIVED, 53555
2018.08.26.15.26.11, CHECKING OLD LOG FILES IF ANY
2018.08.26.15.26.16, CHECKING OLD LOG FILES IF ANY
2018.08.26.15.26.21, CHECKING OLD LOG FILES IF ANY
2018.08.26.15.26.26, CHECKING OLD LOG FILES IF ANY
2018.08.26.15.26.30, PEER_LOST, 9000000004, 192.168.43.197
2018.08.26.15.31.23, PEER_DISCOVERED, 9000000004, 192.168.43.197
2018.08.26.15.31.27, SUMMARY_VECTOR_RECEIVED, 53553
2018.08.26.15.31.32, CHECKING OLD LOG FILES IF ANY
2018.08.26.15.31.32, CHECKING OLD LOG FILES IF ANY
2018.08.26.15.31.32, DEBUG Controller MISSING FILE START DOWNLOAD MapDisarm_Log_9000000004_20180826153023.txt 9.999999999999998E13
2018.08.26.15.31.36, PEER_LOST, 9000000004, 192.168.43.197
2018.08.26.15.34.27, PEER_DISCOVERED, 9000000001, 192.168.43.147
2018.08.26.15.34.32, SUMMARY_VECTOR_RECEIVED, 53549
2018.08.26.15.34.37, CHECKING OLD LOG FILES IF ANY
2018.08.26.15.34.37, CHECKING OLD LOG FILES IF ANY
2018.08.26.15.34.37, DEBUG Controller MISSING FILE START DOWNLOAD MapDisarm_Log_9000000001_20180826152933.txt 9.999999999999998E13
2018.08.26.15.34.37, START_FILE_DOWNLOAD, 658cfa2ebf32522de3853474e39a94, MapDisarm_Log_9000000001_20180826152933.txt, 0, 2294.0, 9000000001
2018.08.26.15.34.37, STOP_FILE_DOWNLOAD, 658cfa2ebf32522de3853474e39a94, MapDisarm_Log_9000000001_20180826152933.txt, 2294, 2294.0, 9000000001
2018.08.26.15.34.42, KEEPING LOGMapDisarm_Log_9000000001_20180826152933.txt
2018.08.26.15.34.42, REMOVING LOGMapDisarm_Log_9000000001_20180826152036.txt
2018.08.26.15.34.47, PEER_LOST, 9000000001, 192.168.43.147
2018.08.26.15.36.23, PEER_DISCOVERED, 9000000004, 192.168.43.197
2018.08.26.15.36.27, SUMMARY_VECTOR_RECEIVED, 53553
2018.08.26.15.36.32, CHECKING OLD LOG FILES IF ANY
2018.08.26.15.36.32, CHECKING OLD LOG FILES IF ANY
2018.08.26.15.36.32, DEBUG Controller MISSING FILE START DOWNLOAD MapDisarm_Log_9000000004_20180826153623.txt 9.999999999999998E13
2018.08.26.15.36.32, START_FILE_DOWNLOAD, d0f226175fb67899e102dbeffdcf28a, MapDisarm_Log_9000000004_20180826153623.txt, 0, 8950.0, 9000000004
2018.08.26.15.36.32, STOP_FILE_DOWNLOAD, d0f226175fb67899e102dbeffdcf28a, MapDisarm_Log_9000000004_20180826153623.txt, 8950, 8950.0, 9000000004
2018.08.26.15.36.37, KEEPING LOGMapDisarm_Log_9000000004_20180826153623.txt
2018.08.26.15.36.37, REMOVING LOGMapDisarm_Log_9000000004_20180826152522.txt
2018.08.26.15.36.37, CHECKING OLD LOG FILES IF ANY
2018.08.26.15.36.42, CHECKING OLD LOG FILES IF ANY
2018.08.26.15.36.47, CHECKING OLD LOG FILES IF ANY
2018.08.26.15.36.47, SUMMARY_VECTOR_RECEIVED, 53553
2018.08.26.15.36.52, CHECKING OLD LOG FILES IF ANY
2018.08.26.15.36.57, CHECKING OLD LOG FILES IF ANY
2018.08.26.15.37.02, CHECKING OLD LOG FILES IF ANY
2018.08.26.15.37.07, CHECKING OLD LOG FILES IF ANY
2018.08.26.15.37.10, SUMMARY_VECTOR_RECEIVED, 53555
2018.08.26.15.37.12, CHECKING OLD LOG FILES IF ANY
2018.08.26.15.37.12, CHECKING OLD LOG FILES IF ANY
2018.08.26.15.37.12, DEBUG Controller MISSING FILE START DOWNLOAD MapDisarm_Log_9000000004_20180826153703.txt 9.999999999999998E13
2018.08.26.15.37.12, START_FILE_DOWNLOAD, 45591afda1e94412af70b452d8198528, MapDisarm_Log_9000000004_20180826153703.txt, 0, 9148.0, 9000000004
2018.08.26.15.37.12, STOP_FILE_DOWNLOAD, 45591afda1e94412af70b452d8198528, MapDisarm_Log_9000000004_20180826153703.txt, 9148, 9148.0, 9000000004
2018.08.26.15.37.17, REMOVING LOGMapDisarm_Log_9000000004_20180826153623.txt
2018.08.26.15.37.17, KEEPING LOGMapDisarm_Log_9000000004_20180826153703.txt
2018.08.26.15.37.17, CHECKING OLD LOG FILES IF ANY
2018.08.26.15.37.22, CHECKING OLD LOG FILES IF ANY
2018.08.26.15.37.27, CHECKING OLD LOG FILES IF ANY
2018.08.26.15.37.30, SUMMARY_VECTOR_RECEIVED, 53551
2018.08.26.15.37.32, CHECKING OLD LOG FILES IF ANY
2018.08.26.15.37.32, CHECKING OLD LOG FILES IF ANY
2018.08.26.15.37.32, DEBUG Controller MISSING FILE START DOWNLOAD MapDisarm_Log_9000000004_20180826153723.txt 9.999999999999998E13
2018.08.26.15.37.32, START_FILE_DOWNLOAD, 1aee4a1e1927b87411dc76ac2ab640, MapDisarm_Log_9000000004_20180826153723.txt, 0, 9248.0, 9000000004
2018.08.26.15.37.32, STOP_FILE_DOWNLOAD, 1aee4a1e1927b87411dc76ac2ab640, MapDisarm_Log_9000000004_20180826153723.txt, 9248, 9248.0, 9000000004
2018.08.26.15.37.37, REMOVING LOGMapDisarm_Log_9000000004_20180826153703.txt
2018.08.26.15.37.37, KEEPING LOGMapDisarm_Log_9000000004_20180826153723.txt
2018.08.26.15.37.37, CHECKING OLD LOG FILES IF ANY
2018.08.26.15.37.42, CHECKING OLD LOG FILES IF ANY
2018.08.26.15.37.47, CHECKING OLD LOG FILES IF ANY
2018.08.26.15.37.47, SUMMARY_VECTOR_RECEIVED, 53553
2018.08.26.15.37.52, CHECKING OLD LOG FILES IF ANY
2018.08.26.15.37.52, CHECKING OLD LOG FILES IF ANY
2018.08.26.15.37.52, DEBUG Controller MISSING FILE START DOWNLOAD MapDisarm_Log_9000000004_20180826153743.txt 9.999999999999998E13
2018.08.26.15.37.52, START_FILE_DOWNLOAD, 92b0c02da4a7ebb5cb21bbffb871075, MapDisarm_Log_9000000004_20180826153743.txt, 0, 9348.0, 9000000004
2018.08.26.15.37.52, STOP_FILE_DOWNLOAD, 92b0c02da4a7ebb5cb21bbffb871075, MapDisarm_Log_9000000004_20180826153743.txt, 9348, 9348.0, 9000000004
2018.08.26.15.37.57, KEEPING LOGMapDisarm_Log_9000000004_20180826153743.txt
2018.08.26.15.37.57, REMOVING LOGMapDisarm_Log_9000000004_20180826153723.txt
2018.08.26.15.37.57, CHECKING OLD LOG FILES IF ANY
2018.08.26.15.38.02, CHECKING OLD LOG FILES IF ANY
2018.08.26.15.38.07, CHECKING OLD LOG FILES IF ANY
2018.08.26.15.38.07, SUMMARY_VECTOR_RECEIVED, 53555
2018.08.26.15.38.12, CHECKING OLD LOG FILES IF ANY
2018.08.26.15.38.12, CHECKING OLD LOG FILES IF ANY
2018.08.26.15.38.12, DEBUG Controller MISSING FILE START DOWNLOAD MapDisarm_Log_9000000004_20180826153803.txt 9.999999999999998E13
2018.08.26.15.38.12, START_FILE_DOWNLOAD, 42e4db755759aa267114d9d4b9f5c457, MapDisarm_Log_9000000004_20180826153803.txt, 0, 9448.0, 9000000004
2018.08.26.15.38.12, STOP_FILE_DOWNLOAD, 42e4db755759aa267114d9d4b9f5c457, MapDisarm_Log_9000000004_20180826153803.txt, 9448, 9448.0, 9000000004
2018.08.26.15.38.17, REMOVING LOGMapDisarm_Log_9000000004_20180826153743.txt
2018.08.26.15.38.17, KEEPING LOGMapDisarm_Log_9000000004_20180826153803.txt
2018.08.26.15.38.17, CHECKING OLD LOG FILES IF ANY
2018.08.26.15.38.22, CHECKING OLD LOG FILES IF ANY
2018.08.26.15.38.27, CHECKING OLD LOG FILES IF ANY
2018.08.26.15.38.27, SUMMARY_VECTOR_RECEIVED, 53553
2018.08.26.15.38.32, CHECKING OLD LOG FILES IF ANY
2018.08.26.15.38.32, CHECKING OLD LOG FILES IF ANY
2018.08.26.15.38.32, DEBUG Controller MISSING FILE START DOWNLOAD MapDisarm_Log_9000000004_20180826153823.txt 9.999999999999998E13
2018.08.26.15.38.32, START_FILE_DOWNLOAD, 5619b5712880efbd22651f6fc939d41, MapDisarm_Log_9000000004_20180826153823.txt, 0, 9548.0, 9000000004
2018.08.26.15.38.32, STOP_FILE_DOWNLOAD, 5619b5712880efbd22651f6fc939d41, MapDisarm_Log_9000000004_20180826153823.txt, 9548, 9548.0, 9000000004
2018.08.26.15.38.37, REMOVING LOGMapDisarm_Log_9000000004_20180826153803.txt
2018.08.26.15.38.37, KEEPING LOGMapDisarm_Log_9000000004_20180826153823.txt
2018.08.26.15.38.37, CHECKING OLD LOG FILES IF ANY
2018.08.26.15.38.42, CHECKING OLD LOG FILES IF ANY
2018.08.26.15.38.47, CHECKING OLD LOG FILES IF ANY
2018.08.26.15.38.47, SUMMARY_VECTOR_RECEIVED, 53553
2018.08.26.15.38.52, CHECKING OLD LOG FILES IF ANY
2018.08.26.15.38.52, CHECKING OLD LOG FILES IF ANY
2018.08.26.15.38.52, DEBUG Controller MISSING FILE START DOWNLOAD MapDisarm_Log_9000000004_20180826153843.txt 9.999999999999998E13
2018.08.26.15.38.52, START_FILE_DOWNLOAD, 8f9ce6dc97be2491edb67fabfb54030, MapDisarm_Log_9000000004_20180826153843.txt, 0, 9648.0, 9000000004
2018.08.26.15.38.52, STOP_FILE_DOWNLOAD, 8f9ce6dc97be2491edb67fabfb54030, MapDisarm_Log_9000000004_20180826153843.txt, 9648, 9648.0, 9000000004
2018.08.26.15.38.57, KEEPING LOGMapDisarm_Log_9000000004_20180826153843.txt
2018.08.26.15.38.57, REMOVING LOGMapDisarm_Log_9000000004_20180826153823.txt
2018.08.26.15.38.57, CHECKING OLD LOG FILES IF ANY
2018.08.26.15.39.02, CHECKING OLD LOG FILES IF ANY
2018.08.26.15.39.07, CHECKING OLD LOG FILES IF ANY
2018.08.26.15.39.07, SUMMARY_VECTOR_RECEIVED, 53551
2018.08.26.15.39.12, CHECKING OLD LOG FILES IF ANY
2018.08.26.15.39.12, CHECKING OLD LOG FILES IF ANY
2018.08.26.15.39.12, DEBUG Controller MISSING FILE START DOWNLOAD MapDisarm_Log_9000000004_20180826153903.txt 9.999999999999998E13
2018.08.26.15.39.12, START_FILE_DOWNLOAD, 393d58debded38c74ce2b164a213bf, MapDisarm_Log_9000000004_20180826153903.txt, 0, 9748.0, 9000000004
2018.08.26.15.39.12, STOP_FILE_DOWNLOAD, 393d58debded38c74ce2b164a213bf, MapDisarm_Log_9000000004_20180826153903.txt, 9748, 9748.0, 9000000004
2018.08.26.15.39.17, REMOVING LOGMapDisarm_Log_9000000004_20180826153843.txt
2018.08.26.15.39.17, KEEPING LOGMapDisarm_Log_9000000004_20180826153903.txt
2018.08.26.15.39.17, CHECKING OLD LOG FILES IF ANY
2018.08.26.15.39.22, CHECKING OLD LOG FILES IF ANY
2018.08.26.15.39.27, CHECKING OLD LOG FILES IF ANY
2018.08.26.15.39.28, SUMMARY_VECTOR_RECEIVED, 53551
2018.08.26.15.39.32, CHECKING OLD LOG FILES IF ANY
2018.08.26.15.39.37, CHECKING OLD LOG FILES IF ANY
2018.08.26.15.39.42, CHECKING OLD LOG FILES IF ANY
2018.08.26.15.39.47, CHECKING OLD LOG FILES IF ANY
2018.08.26.15.39.47, SUMMARY_VECTOR_RECEIVED, 53551
2018.08.26.15.39.52, CHECKING OLD LOG FILES IF ANY
2018.08.26.15.39.57, CHECKING OLD LOG FILES IF ANY
2018.08.26.15.40.02, CHECKING OLD LOG FILES IF ANY
2018.08.26.15.40.07, CHECKING OLD LOG FILES IF ANY
2018.08.26.15.40.12, CHECKING OLD LOG FILES IF ANY
2018.08.26.15.40.12, PEER_LOST, 9000000004, 192.168.43.197
2018.08.26.15.41.58, PEER_DISCOVERED, 9000000001, 192.168.43.147
2018.08.26.15.42.08, PEER_LOST, 9000000001, 192.168.43.147
2018.08.26.15.45.06, PEER_DISCOVERED, 9000000004, 192.168.43.197
2018.08.26.15.45.08, SUMMARY_VECTOR_RECEIVED, 53555
2018.08.26.15.45.12, CHECKING OLD LOG FILES IF ANY
2018.08.26.15.45.12, CHECKING OLD LOG FILES IF ANY
2018.08.26.15.45.12, DEBUG Controller MISSING FILE START DOWNLOAD MapDisarm_Log_9000000004_20180826154403.txt 9.999999999999998E13
2018.08.26.15.45.16, PEER_LOST, 9000000004, 192.168.43.197
2018.08.26.15.45.24, PEER_DISCOVERED, 9000000004, 192.168.43.197
2018.08.26.15.45.28, SUMMARY_VECTOR_RECEIVED, 53555
2018.08.26.15.45.32, CHECKING OLD LOG FILES IF ANY
2018.08.26.15.45.32, CHECKING OLD LOG FILES IF ANY
2018.08.26.15.45.32, DEBUG Controller MISSING FILE START DOWNLOAD MapDisarm_Log_9000000004_20180826154403.txt 9.999999999999998E13
2018.08.26.15.45.37, CHECKING OLD LOG FILES IF ANY
2018.08.26.15.45.42, CHECKING OLD LOG FILES IF ANY
2018.08.26.15.45.47, CHECKING OLD LOG FILES IF ANY
2018.08.26.15.45.47, SUMMARY_VECTOR_RECEIVED, 53553
2018.08.26.15.45.52, CHECKING OLD LOG FILES IF ANY
2018.08.26.15.45.52, CHECKING OLD LOG FILES IF ANY
2018.08.26.15.45.52, DEBUG Controller MISSING FILE START DOWNLOAD MapDisarm_Log_9000000004_20180826154544.txt 9.999999999999998E13
2018.08.26.15.45.52, START_FILE_DOWNLOAD, 8d27b5397d5255ee69af287e60b890, MapDisarm_Log_9000000004_20180826154544.txt, 0, 10846.0, 9000000004
2018.08.26.15.45.52, STOP_FILE_DOWNLOAD, 8d27b5397d5255ee69af287e60b890, MapDisarm_Log_9000000004_20180826154544.txt, 10846, 10846.0, 9000000004
2018.08.26.15.45.57, REMOVING LOGMapDisarm_Log_9000000004_20180826153903.txt
2018.08.26.15.45.57, KEEPING LOGMapDisarm_Log_9000000004_20180826154544.txt
2018.08.26.15.45.57, CHECKING OLD LOG FILES IF ANY
2018.08.26.15.46.02, CHECKING OLD LOG FILES IF ANY
2018.08.26.15.46.07, CHECKING OLD LOG FILES IF ANY
2018.08.26.15.46.07, SUMMARY_VECTOR_RECEIVED, 53553
2018.08.26.15.46.12, CHECKING OLD LOG FILES IF ANY
2018.08.26.15.46.12, CHECKING OLD LOG FILES IF ANY
2018.08.26.15.46.12, DEBUG Controller MISSING FILE START DOWNLOAD MapDisarm_Log_9000000004_20180826154604.txt 9.999999999999998E13
2018.08.26.15.46.12, START_FILE_DOWNLOAD, 7ede9353e149c9ecba5e3c16163770, MapDisarm_Log_9000000004_20180826154604.txt, 0, 10946.0, 9000000004
2018.08.26.15.46.12, STOP_FILE_DOWNLOAD, 7ede9353e149c9ecba5e3c16163770, MapDisarm_Log_9000000004_20180826154604.txt, 10946, 10946.0, 9000000004
2018.08.26.15.46.17, KEEPING LOGMapDisarm_Log_9000000004_20180826154604.txt
2018.08.26.15.46.17, REMOVING LOGMapDisarm_Log_9000000004_20180826154544.txt
2018.08.26.15.46.17, CHECKING OLD LOG FILES IF ANY
2018.08.26.15.46.22, CHECKING OLD LOG FILES IF ANY
2018.08.26.15.46.27, CHECKING OLD LOG FILES IF ANY
2018.08.26.15.46.28, SUMMARY_VECTOR_RECEIVED, 53557
2018.08.26.15.46.32, CHECKING OLD LOG FILES IF ANY
2018.08.26.15.46.32, CHECKING OLD LOG FILES IF ANY
2018.08.26.15.46.32, DEBUG Controller MISSING FILE START DOWNLOAD MapDisarm_Log_9000000004_20180826154624.txt 9.999999999999998E13
2018.08.26.15.46.32, START_FILE_DOWNLOAD, 75a5d498fb922bcd9982f0734074f8b0, MapDisarm_Log_9000000004_20180826154624.txt, 0, 11046.0, 9000000004
2018.08.26.15.46.32, STOP_FILE_DOWNLOAD, 75a5d498fb922bcd9982f0734074f8b0, MapDisarm_Log_9000000004_20180826154624.txt, 11046, 11046.0, 9000000004
2018.08.26.15.46.37, KEEPING LOGMapDisarm_Log_9000000004_20180826154624.txt
2018.08.26.15.46.37, REMOVING LOGMapDisarm_Log_9000000004_20180826154604.txt
2018.08.26.15.46.37, CHECKING OLD LOG FILES IF ANY
2018.08.26.15.46.42, CHECKING OLD LOG FILES IF ANY
2018.08.26.15.46.47, CHECKING OLD LOG FILES IF ANY
2018.08.26.15.46.47, SUMMARY_VECTOR_RECEIVED, 53551
2018.08.26.15.46.52, CHECKING OLD LOG FILES IF ANY
2018.08.26.15.46.52, CHECKING OLD LOG FILES IF ANY
2018.08.26.15.46.52, DEBUG Controller MISSING FILE START DOWNLOAD MapDisarm_Log_9000000004_20180826154644.txt 9.999999999999998E13
2018.08.26.15.46.52, START_FILE_DOWNLOAD, b07519e5bd541a3e75cbe4d7ee386, MapDisarm_Log_9000000004_20180826154644.txt, 0, 11146.0, 9000000004
2018.08.26.15.46.52, STOP_FILE_DOWNLOAD, b07519e5bd541a3e75cbe4d7ee386, MapDisarm_Log_9000000004_20180826154644.txt, 11146, 11146.0, 9000000004
2018.08.26.15.46.57, KEEPING LOGMapDisarm_Log_9000000004_20180826154644.txt
2018.08.26.15.46.57, REMOVING LOGMapDisarm_Log_9000000004_20180826154624.txt
2018.08.26.15.46.57, CHECKING OLD LOG FILES IF ANY
2018.08.26.15.47.02, CHECKING OLD LOG FILES IF ANY
2018.08.26.15.47.07, CHECKING OLD LOG FILES IF ANY
2018.08.26.15.47.08, SUMMARY_VECTOR_RECEIVED, 53555
2018.08.26.15.47.12, CHECKING OLD LOG FILES IF ANY
2018.08.26.15.47.12, CHECKING OLD LOG FILES IF ANY
2018.08.26.15.47.12, DEBUG Controller MISSING FILE START DOWNLOAD MapDisarm_Log_9000000004_20180826154704.txt 9.999999999999998E13
2018.08.26.15.47.12, START_FILE_DOWNLOAD, 2377737b3c727b4736a54107d4c35e3, MapDisarm_Log_9000000004_20180826154704.txt, 0, 11246.0, 9000000004
2018.08.26.15.47.12, STOP_FILE_DOWNLOAD, 2377737b3c727b4736a54107d4c35e3, MapDisarm_Log_9000000004_20180826154704.txt, 11246, 11246.0, 9000000004
2018.08.26.15.47.17, REMOVING LOGMapDisarm_Log_9000000004_20180826154644.txt
2018.08.26.15.47.17, KEEPING LOGMapDisarm_Log_9000000004_20180826154704.txt
2018.08.26.15.47.17, CHECKING OLD LOG FILES IF ANY
2018.08.26.15.47.22, CHECKING OLD LOG FILES IF ANY
2018.08.26.15.47.27, CHECKING OLD LOG FILES IF ANY
2018.08.26.15.47.32, CHECKING OLD LOG FILES IF ANY
2018.08.26.15.47.37, CHECKING OLD LOG FILES IF ANY
2018.08.26.15.47.42, CHECKING OLD LOG FILES IF ANY
2018.08.26.15.47.47, CHECKING OLD LOG FILES IF ANY
2018.08.26.15.47.52, CHECKING OLD LOG FILES IF ANY
2018.08.26.15.47.55, PEER_LOST, 9000000004, 192.168.43.197
